{
    "loss": 1.4725195169448853,
    "accuracy": 0.843137264251709
}