{
    "loss": 10.115859031677246,
    "accuracy": 0.5686274766921997
}