{
    "loss": 11.975783348083496,
    "accuracy": 0.5686274766921997
}